<Configs>

<!-- *** INTEGRATION FOR ANIMALS -->

<!-- *** BIOME_ENEMY_ANIMAL_DESERT_GROUP -->

	<csv xpath="/entitygroups/entitygroup[@name='EnemyAnimalsDesert']/text()" delim="\n" op="add" >
		RaptorGreen, 20
		RaptorBlue, 20
		RaptorOrange, 20
		RaptorSandBlack, 20
		RaptorSandGreen, 20
		Raptoroak, 20
		oakdrakee, 20
		animalOakPachyBlue, 20
		animalOakPachyGray, 20
		animalOakPachyGreen, 20
		animalOakPachyRed, 20
		animalOakPachyGreenBrown, 20
	</csv>
	
<!-- *** BIOME_ANIMAL_WILD_GAME_FOREST_GROUP -->

	<csv xpath="/entitygroups/entitygroup[@name='WildGameForest']/text()" delim="\n" op="add" >
		RaptorGreen, 8
		RaptorBlue, 8
		RaptorOrange, 8
		RaptorSandBlack, 8
		RaptorSandGreen, 8
		Raptoroak, 8
		oakdrakee, 8
		animalOakPachyBlue, 8
		animalOakPachyGray, 8
		animalOakPachyGreen, 8
		animalOakPachyRed, 8
		animalOakPachyGreenBrown, 8
	</csv>
	
	<!-- *** BIOME_ENEMY_ANIMAL_FOREST_GROUP -->
	
	<csv xpath="/entitygroups/entitygroup[@name='EnemyAnimalsForest']/text()" delim="\n" op="add" >
		RaptorGreen, 8
		RaptorBlue, 8
		RaptorOrange, 8
		RaptorSandBlack, 8
		RaptorSandGreen, 8
		Raptoroak, 8
		oakdrakee, 8
		animalOakPachyBlue, 8
		animalOakPachyGray, 8
		animalOakPachyGreen, 8
		animalOakPachyRed, 8
		animalOakPachyGreenBrown, 8
	</csv>
	
	<!-- *** BIOME_ENEMY_ANIMAL_BURNT_FOREST_GROUP -->
	
	<csv xpath="/entitygroups/entitygroup[@name='EnemyAnimalsBurntForest']/text()" delim="\n" op="add" >
		RaptorGreen, 10
		RaptorBlue, 10
		RaptorOrange, 10
		RaptorSandBlack, 10
		RaptorSandGreen, 10
		Raptoroak, 10
		oakdrakee, 10
		animalOakPachyBlue, 10
		animalOakPachyGray, 10
		animalOakPachyGreen, 10
		animalOakPachyRed, 10
		animalOakPachyGreenBrown, 10
	</csv>
	
	<!-- *** BIOME_ENEMY_ANIMAL_WASTELAND_GROUP -->
	
	<csv xpath="/entitygroups/entitygroup[@name='EnemyAnimalsWasteland']/text()" delim="\n" op="add" >
		RaptorGreen, 20
		RaptorBlue, 20
		RaptorOrange, 20
		RaptorSandBlack, 20
		RaptorSandGreen, 20
		Raptoroak, 20
		oakdrakee, 20
		animalOakPachyBlue, 20
		animalOakPachyGray, 20
		animalOakPachyGreen, 20
		animalOakPachyRed, 20
		animalOakPachyGreenBrown, 20
	</csv>

</Configs>