<configs>

<!--ANIMAL LIST

	CASSOWARY=SPECIAL ANIMAL :) 
	TASMANIAM DEVIL 
	PLATYPUS 
	KOALA 
	FRILL NECK LIZARD
	MAGPIE

-->
<append xpath="/entity_classes">
<!--CASSOWARY-->
<entity_class name="0AnimalCassowary" extends="animalTemplateHostileWalking">
    <property name="Tags" value="entity,animal,hostile,boar,perkAT02,perkAT03"/>
	<property name="UserSpawnType" value="Menu"/>
    <property name="IsEnemyEntity" value="true"/>
    <property name="AvatarController" value="AvatarAnimalController"/>
    <property name="ModelType" value="Standard"/>
    <property name="HasRagdoll" value="true"/>
    <property name="PhysicsBody" value="boar"/>
    <property name="Mass" value="80"/>
    <property name="Mesh" value="#@modfolder:Resources/Aussiepack.unity3d?CassyAnimalLegion"/>
    <property name="LookAtAngle" value="0"/>
    <property name="HasDeathAnim" value="true"/>
    <property name="RootMotion" value="false"/>
    <property name="RagdollOnDeathChance" value=".5"/>
	<property name="HandItem" value="meleeHandAnimalWolf"/>

    <property name="SoundRandom" value=""/>
    <property name="SoundAlert" value=""/>
    <property name="SoundHurt" value=""/>
    <property name="SoundDeath" value=""/>
    <property name="SoundAttack" value=""/>
    <property name="SoundSense" value=""/>
    <property name="SoundGiveUp" value=""/>

	<property name="SizeScale" value="3"/>
    <property name="PainResistPerHit" value=".05"/>
    <property name="MoveSpeed" value="0.2"/>
    <property name="MoveSpeedAggro" value="1.3,1.3"/>
    <property name="MoveSpeedPanic" value="1.6"/>
	<property name="ExperienceGain" value="650"/>	

	<drop event="Harvest" name="foodRawMeat" count="0" tool_category="Butcher"/>
	<drop event="Harvest" name="foodRawMeat" tag="butcherHarvest" count="30"/>
	<drop event="Harvest" name="resourceLeather" tag="butcherHarvest" count="5"/>
	<drop event="Harvest" name="resourceAnimalFat" tag="butcherHarvest" count="3"/>
	<drop event="Harvest" name="resourceBone" tag="butcherHarvest" count="15"/>
	<drop event="Harvest" name="resourceBone" tag="allToolsHarvest" count="3"/>
	<drop event="Harvest" name="resourceTestosteroneExtract" tag="butcherHarvest" count="2"/>
	<drop event="Harvest" name="foodRawMeat" count="1" tag="WasteTreasuresCompleteHarvest"/>
	<drop event="Harvest" name="resourceLeather" count="1" tag="WasteTreasuresCompleteHarvest"/>
	<drop event="Harvest" name="resourceBone" count="1" tag="WasteTreasuresCompleteHarvest"/>

    <effect_group name="Base Effects">
        <passive_effect name="HealthMax" operation="base_set" value="450"/>
    </effect_group>
</entity_class>

<!--TASMANIAM DEVIL-->
<entity_class name="0Animaltassydevil" extends="animalTemplateHostileWalking">
    <property name="Tags" value="entity,animal,hostile,boar,perkAT02,perkAT03"/>
	<property name="UserSpawnType" value="Menu"/>
    <property name="IsEnemyEntity" value="true"/>
    <property name="AvatarController" value="AvatarAnimalController"/>
    <property name="ModelType" value="Standard"/>
    <property name="HasRagdoll" value="true"/>
    <property name="PhysicsBody" value="boar"/>
    <property name="Mass" value="80"/>
    <property name="Mesh" value="#@modfolder:Resources/Aussiepack.unity3d?TazzyDevilLegion"/>
    <property name="LookAtAngle" value="0"/>
    <property name="HasDeathAnim" value="true"/>
    <property name="RootMotion" value="false"/>
    <property name="RagdollOnDeathChance" value=".5"/>
	<property name="HandItem" value="meleeHandAnimalWolf"/>

    <property name="SoundRandom" value=""/>
    <property name="SoundAlert" value=""/>
    <property name="SoundHurt" value=""/>
    <property name="SoundDeath" value=""/>
    <property name="SoundAttack" value=""/>
    <property name="SoundSense" value=""/>
    <property name="SoundGiveUp" value=""/>

	<property name="SizeScale" value="2"/>
    <property name="PainResistPerHit" value=".05"/>
    <property name="MoveSpeed" value="0.1"/>
    <property name="MoveSpeedAggro" value="1.3,1.3"/>
    <property name="MoveSpeedPanic" value="1.6"/>
	<property name="ExperienceGain" value="450"/>	

	<drop event="Harvest" name="foodRawMeat" count="0" tool_category="Butcher"/>
	<drop event="Harvest" name="foodRawMeat" tag="butcherHarvest" count="15"/>
	<drop event="Harvest" name="resourceLeather" tag="butcherHarvest" count="3"/>
	<drop event="Harvest" name="resourceAnimalFat" tag="butcherHarvest" count="3"/>
	<drop event="Harvest" name="resourceBone" tag="butcherHarvest" count="10"/>
	<drop event="Harvest" name="resourceBone" tag="allToolsHarvest" count="4"/>
	<drop event="Harvest" name="resourceTestosteroneExtract" tag="butcherHarvest" count="2"/>
	<drop event="Harvest" name="foodRawMeat" count="1" tag="WasteTreasuresCompleteHarvest"/>
	<drop event="Harvest" name="resourceLeather" count="1" tag="WasteTreasuresCompleteHarvest"/>
	<drop event="Harvest" name="resourceBone" count="1" tag="WasteTreasuresCompleteHarvest"/>

    <effect_group name="Base Effects">
        <passive_effect name="HealthMax" operation="base_set" value="250"/>
    </effect_group>
</entity_class>

<!--PLATYPUS-->
<entity_class name="0AnimalPlatypus" extends="animalTemplateHostileWalking">
    <property name="Tags" value="entity,animal,hostile,boar,perkAT02,perkAT03"/>
	<property name="UserSpawnType" value="Menu"/>
    <property name="IsEnemyEntity" value="true"/>
    <property name="AvatarController" value="AvatarAnimalController"/>
    <property name="ModelType" value="Standard"/>
    <property name="HasRagdoll" value="false"/>
    <property name="PhysicsBody" value="boar"/>
    <property name="Mass" value="80"/>
    <property name="Mesh" value="#@modfolder:Resources/Aussiepack.unity3d?platypusLegion"/>
    <property name="LookAtAngle" value="0"/>
    <property name="HasDeathAnim" value="true"/>
    <property name="RootMotion" value="false"/>
    <property name="RagdollOnDeathChance" value=".5"/>

    <property name="SoundRandom" value=""/>
    <property name="SoundAlert" value=""/>
    <property name="SoundHurt" value=""/>
    <property name="SoundDeath" value=""/>
    <property name="SoundAttack" value=""/>
    <property name="SoundSense" value=""/>
    <property name="SoundGiveUp" value=""/>

	<property name="SizeScale" value="1"/>
    <property name="PainResistPerHit" value=".05"/>
    <property name="MoveSpeed" value="0.2"/>
    <property name="MoveSpeedAggro" value="1.3,1.3"/>
    <property name="MoveSpeedPanic" value="1.6"/>
	<property name="ExperienceGain" value="350"/>	

	<drop event="Harvest" name="foodRawMeat" count="0" tool_category="Butcher"/>
	<drop event="Harvest" name="foodRawMeat" tag="butcherHarvest" count="20"/>
	<drop event="Harvest" name="resourceLeather" tag="butcherHarvest" count="5"/>
	<drop event="Harvest" name="resourceAnimalFat" tag="butcherHarvest" count="3"/>
	<drop event="Harvest" name="resourceBone" tag="butcherHarvest" count="10"/>
	<drop event="Harvest" name="resourceBone" tag="allToolsHarvest" count="3"/>
	<drop event="Harvest" name="foodRawMeat" count="1" tag="WasteTreasuresCompleteHarvest"/>
	<drop event="Harvest" name="resourceLeather" count="1" tag="WasteTreasuresCompleteHarvest"/>
	<drop event="Harvest" name="resourceBone" count="1" tag="WasteTreasuresCompleteHarvest"/>

    <effect_group name="Base Effects">
        <passive_effect name="HealthMax" operation="base_set" value="200"/>
    </effect_group>
</entity_class>

<!--KOALA-->
<entity_class name="0Animalkoala" extends="animalTemplateHostileWalking">
    <property name="Tags" value="entity,animal,hostile,boar,perkAT02,perkAT03"/>
	<property name="UserSpawnType" value="Menu"/>
    <property name="IsEnemyEntity" value="true"/>
    <property name="AvatarController" value="AvatarAnimalController"/>
    <property name="ModelType" value="Standard"/>
    <property name="HasRagdoll" value="false"/>
    <property name="PhysicsBody" value="boar"/>
    <property name="Mass" value="80"/>
    <property name="Mesh" value="#@modfolder:Resources/Aussiepack.unity3d?Koala2Legion"/>
    <property name="LookAtAngle" value="0"/>
    <property name="HasDeathAnim" value="true"/>
    <property name="RootMotion" value="false"/>
    <property name="RagdollOnDeathChance" value=".5"/>

    <property name="SoundRandom" value=""/>
    <property name="SoundAlert" value=""/>
    <property name="SoundHurt" value=""/>
    <property name="SoundDeath" value=""/>
    <property name="SoundAttack" value=""/>
    <property name="SoundSense" value=""/>
    <property name="SoundGiveUp" value=""/>

	<property name="SizeScale" value="1.25"/>
    <property name="PainResistPerHit" value=".05"/>
    <property name="MoveSpeed" value="0.2"/>
    <property name="MoveSpeedAggro" value="1.3,1.3"/>
    <property name="MoveSpeedPanic" value="1.6"/>
	<property name="ExperienceGain" value="450"/>	

	<drop event="Harvest" name="foodRawMeat" count="0" tool_category="Butcher"/>
	<drop event="Harvest" name="foodRawMeat" tag="butcherHarvest" count="15"/>
	<drop event="Harvest" name="resourceLeather" tag="butcherHarvest" count="4"/>
	<drop event="Harvest" name="resourceAnimalFat" tag="butcherHarvest" count="2"/>
	<drop event="Harvest" name="resourceBone" tag="butcherHarvest" count="8"/>
	<drop event="Harvest" name="resourceBone" tag="allToolsHarvest" count="3"/>
	<drop event="Harvest" name="foodRawMeat" count="1" tag="WasteTreasuresCompleteHarvest"/>
	<drop event="Harvest" name="resourceLeather" count="1" tag="WasteTreasuresCompleteHarvest"/>
	<drop event="Harvest" name="resourceBone" count="1" tag="WasteTreasuresCompleteHarvest"/>

    <effect_group name="Base Effects">
        <passive_effect name="HealthMax" operation="base_set" value="250"/>
    </effect_group>
</entity_class>

<!--FRILL NECK LIZARD-->
<entity_class name="0Animalfrillneck" extends="animalTemplateHostileWalking">
    <property name="Tags" value="entity,animal,hostile,boar,perkAT02,perkAT03"/>
	<property name="UserSpawnType" value="Menu"/>
    <property name="IsEnemyEntity" value="true"/>
    <property name="AvatarController" value="AvatarAnimalController"/>
    <property name="ModelType" value="Standard"/>
    <property name="HasRagdoll" value="false"/>
    <property name="PhysicsBody" value="boar"/>
    <property name="Mass" value="80"/>
    <property name="Mesh" value="#@modfolder:Resources/Aussiepack.unity3d?frillnecklizardLegion"/>
    <property name="LookAtAngle" value="0"/>
    <property name="HasDeathAnim" value="true"/>
    <property name="RootMotion" value="false"/>
    <property name="RagdollOnDeathChance" value=".5"/>

    <property name="SoundRandom" value=""/>
    <property name="SoundAlert" value=""/>
    <property name="SoundHurt" value=""/>
    <property name="SoundDeath" value=""/>
    <property name="SoundAttack" value=""/>
    <property name="SoundSense" value=""/>
    <property name="SoundGiveUp" value=""/>

	<property name="SizeScale" value="1.25"/>
    <property name="PainResistPerHit" value=".05"/>
    <property name="MoveSpeed" value="0.2"/>
    <property name="MoveSpeedAggro" value="1.3,1.3"/>
    <property name="MoveSpeedPanic" value="1.6"/>
	<property name="ExperienceGain" value="250"/>	

	<drop event="Harvest" name="foodRawMeat" count="0" tool_category="Butcher"/>
	<drop event="Harvest" name="foodRawMeat" tag="butcherHarvest" count="5"/>
	<drop event="Harvest" name="resourceLeather" tag="butcherHarvest" count="1"/>
	<drop event="Harvest" name="resourceAnimalFat" tag="butcherHarvest" count="1"/>
	<drop event="Harvest" name="resourceBone" tag="butcherHarvest" count="2"/>
	<drop event="Harvest" name="resourceBone" tag="allToolsHarvest" count="2"/>
	<drop event="Harvest" name="foodRawMeat" count="1" tag="WasteTreasuresCompleteHarvest"/>
	<drop event="Harvest" name="resourceLeather" count="1" tag="WasteTreasuresCompleteHarvest"/>
	<drop event="Harvest" name="resourceBone" count="1" tag="WasteTreasuresCompleteHarvest"/>

    <effect_group name="Base Effects">
        <passive_effect name="HealthMax" operation="base_set" value="125"/>
    </effect_group>
</entity_class>

<!--KANGAROO-->
<entity_class name="0Animalkangaroo" extends="animalTemplateHostileWalking">
    <property name="Tags" value="entity,animal,hostile,boar,perkAT02,perkAT03"/>
	<property name="UserSpawnType" value="Menu"/>
    <property name="IsEnemyEntity" value="true"/>
    <property name="AvatarController" value="AvatarAnimalController"/>
    <property name="ModelType" value="Standard"/>
    <property name="HasRagdoll" value="false"/>
    <property name="PhysicsBody" value="boar"/>
    <property name="Mass" value="80"/>
    <property name="Mesh" value="#@modfolder:Resources/Aussiepack.unity3d?kangarooLegion"/>
    <property name="LookAtAngle" value="0"/>
    <property name="HasDeathAnim" value="true"/>
    <property name="RootMotion" value="false"/>
    <property name="RagdollOnDeathChance" value=".5"/>
	<property name="HandItem" value="meleeHandAnimalWolf"/>

    <property name="SoundRandom" value=""/>
    <property name="SoundAlert" value=""/>
    <property name="SoundHurt" value=""/>
    <property name="SoundDeath" value=""/>
    <property name="SoundAttack" value=""/>
    <property name="SoundSense" value=""/>
    <property name="SoundGiveUp" value=""/>

	<property name="SizeScale" value="1.25"/>
    <property name="PainResistPerHit" value=".05"/>
    <property name="MoveSpeed" value="0.2"/>
    <property name="MoveSpeedAggro" value="1.3,1.3"/>
    <property name="MoveSpeedPanic" value="1.6"/>
	<property name="ExperienceGain" value="650"/>	

	<drop event="Harvest" name="foodRawMeat" count="0" tool_category="Butcher"/>
	<drop event="Harvest" name="foodRawMeat" tag="butcherHarvest" count="35"/>
	<drop event="Harvest" name="resourceLeather" tag="butcherHarvest" count="5"/>
	<drop event="Harvest" name="resourceAnimalFat" tag="butcherHarvest" count="4"/>
	<drop event="Harvest" name="resourceBone" tag="butcherHarvest" count="15"/>
	<drop event="Harvest" name="resourceBone" tag="allToolsHarvest" count="5"/>
	<drop event="Harvest" name="resourceTestosteroneExtract" tag="butcherHarvest" count="2"/>
	<drop event="Harvest" name="foodRawMeat" count="1" tag="WasteTreasuresCompleteHarvest"/>
	<drop event="Harvest" name="resourceLeather" count="1" tag="WasteTreasuresCompleteHarvest"/>
	<drop event="Harvest" name="resourceBone" count="1" tag="WasteTreasuresCompleteHarvest"/>

    <effect_group name="Base Effects">
        <passive_effect name="HealthMax" operation="base_set" value="450"/>
    </effect_group>
</entity_class>
		
<!--MAGPIE-->	
<entity_class name="0animalmagpie" extends="animalTemplateHostileFlying">
	<property name="UserSpawnType" value="Menu"/>
	<property name="Class" value="EntityVulture"/>
	<property name="Mesh" value="#@modfolder:Resources/Aussiepack.unity3d?magpieLegion" />
	<property name="Tags" value="entity,animal,hostile,template"/>
	<property name="Faction" value="animals"/>
	<property name="AvatarController" value="AvatarAnimalController"/> 
	<property name="HandItem" value="meleeHandAnimalCoyote"/>
	<property name="IsEnemyEntity" value="true"/>
	<property name="MaxViewAngle" value="240"/>
	<property name="SightRange" value="90"/>
	<property name="MoveSpeed" value="1"/>
	<property name="MoveSpeedAggro" value="2.1, 2.1"/> 
	<property name="MaxTurnSpeed" value="190"/>
	<property name="TimeStayAfterDeath" value="300"/>
	
	<property name="SoundRandomTime" value="10.0"/>
	<property name="SoundRandom" value="" />
	<property name="SoundAlert" value=""/>
	<property name="SoundHurt" value=""/>
	<property name="SoundDeath" value=""/>
	<property name="SoundAttack" value=""/>
	<property name="SoundSense" value=""/>
	<property name="SoundGiveUp" value=""/>
			
	<drop event="Harvest" name="foodRawMeat" count="0" tool_category="Butcher"/>
	<drop event="Harvest" name="foodRawMeat" tag="butcherHarvest" count="1"/>
	<drop event="Harvest" name="resourceAnimalFat" tag="butcherHarvest" count="1"/>
	<drop event="Harvest" name="resourceBone" tag="butcherHarvest" count="1"/>
	<drop event="Harvest" name="resourceBone" tag="allToolsHarvest" count="1"/>
	
<effect_group name="Base Effects">
	<passive_effect name="HealthMax" operation="base_set" value="100"/>
	<passive_effect name="HealthMax" operation="perc_set" value="1"/>
</effect_group>
</entity_class>
</append>

</configs>